First Name,Company,Country,Email
Sheryl,Rasmussen Group,Chile,zunigavanessa@smith.info
Preston,Vega-Gentry,Djibouti,vmata@colon.com
Roy,Murillo-Perry,Antigua and Barbuda,beckycarr@hogan.com
Linda,"Dominguez, Mcmillan and Donovan",Dominican Republic,stanleyblackwell@benson.org
Joanna,"Martin, Lang and Andrade",Slovakia (Slovak Republic),colinalvarado@miles.net
Aimee,Steele Group,Bosnia and Herzegovina,louis27@gilbert.com
Darren,"Lester, Woodard and Mitchell",Pitcairn Islands,tgates@cantrell.com
Brett,"Sanford, Davenport and Giles",Bulgaria,asnow@colon.com
Sheryl,Browning-Simon,Cyprus,mariokhan@ryan-pope.org
Michelle,Beck-Hendrix,Timor-Leste,mdyer@escobar.net
Carl,"Oconnell, Meza and Everett",Guernsey,kirksalas@webb.com
Jenna,"Hoffman, Reed and Mcclain",Vietnam,mark42@robbins.com
Tracey,Graham-Francis,Togo,alex56@walls.org
Kristine,Carpenter-Cook,Sri Lanka,holdenmiranda@clarke.com
Faith,Carter-Hancock,Singapore,cassieparrish@blevins-chapman.net
Miranda,Singleton and Sons,Oman,vduncan@parks-hardy.com
Caroline,Winters-Mendoza,Western Sahara,holtgwendolyn@watson-davenport.com
Greg,Valentine LLC,Mozambique,jaredjuarez@carroll.org
Clifford,Simon LLC,South Georgia and the South Sandwich Islands,joseph26@jacobson.com
Joanna,Mays-Mccormick,French Polynesia,tuckerangie@salazar.net
Maxwell,Patterson Inc,Malta,fgibson@drake-webb.com
Kiara,"Manning, Hester and Arroyo",Netherlands,blanchardbob@wallace-shannon.com
Colleen,Greer and Sons,Paraguay,rsingleton@ryan-cherry.com
Janet,Watts-Donaldson,Lao People's Democratic Republic,stefanie71@spence.com
Shane,Tucker LLC,Albania,mariah88@santos.com
Marcus,Giles Ltd,Panama,donnamullins@norris-barrett.org
Dakota,Simmons Group,Belarus,stacey67@fields.org
Frederick,"Hinton, Chaney and Stokes",Switzerland,jacobkhan@bright.biz
Stefanie,Santana-Duran,Saint Vincent and the Grenadines,wterrell@clark.com
Kent,Sawyer PLC,Tanzania,qjimenez@boyd.com
Jack,"Acosta, Petersen and Morrow",Zimbabwe,gfigueroa@boone-zavala.com
Tom,Mcgee Group,Denmark,tapiagreg@beard.info
Gabriel,Adkins-Salinas,Liechtenstein,coleolson@jennings.net
Kaitlyn,Herrera Group,United States of America,georgeross@miles.org
Faith,"Waters, Chase and Aguilar",Bahamas,willistonya@randolph-baker.com
Tammie,"Palmer, Barnes and Houston",Belize,harrisisaiah@jenkins.com
Nicholas,Jordan Ltd,Uruguay,fwolfe@dorsey.com
Jordan,Glover and Sons,Solomon Islands,tiffanydavies@harris-mcfarland.org
Bruce,Huerta-Mclean,Montenegro,preese@frye-vega.com
Sherry,Anderson Ltd,Poland,ann48@miller.com
Natalie,Monroe PLC,Dominican Republic,tcummings@fitzpatrick-ashley.com
Bryan,Kaufman and Sons,Burkina Faso,woodwardandres@phelps.com
Wayne,Perkins-Trevino,Bolivia,barbarapittman@holder.com
Luis,Cross PLC,Bulgaria,bstuart@williamson-mcclure.com
Rhonda,"Herrera, Shepherd and Underwood",Monaco,zkrueger@wolf-chavez.net
Joanne,"Price, Sexton and Mcdaniel",Palau,juan80@henson.net
Geoffrey,Short-Wiggins,Uzbekistan,bauercrystal@gay.com
Gloria,"Brennan, Acosta and Ramos",Ghana,bartlettjenna@zuniga-moss.biz
Brady,Osborne-Erickson,United Arab Emirates,mccalltyrone@durham-rose.biz
Latoya,"Hobbs, Garrett and Sanford",Belarus,bobhammond@barry.biz
Gerald,"Phelps, Forbes and Koch",Canada,uwarner@steele-arias.com
Samuel,"May, Goodwin and Martin",Algeria,xpittman@ritter-carney.net
Patricia,"Christian, Winters and Ellis",Swaziland,vaughanchristy@lara.biz
Stacie,Byrd Inc,Madagascar,clinton85@colon-arias.org
Robin,"Nixon, Blackwell and Sosa",Ecuador,greenemiranda@zimmerman.com
Ralph,Montes PLC,Palestinian Territory,goodmancesar@figueroa.biz
Phyllis,Costa PLC,Saint Barthelemy,yhanson@warner-diaz.org
Danny,Novak LLC,United Arab Emirates,howelldarren@house-cohen.com
Kathy,"Moore, Mccoy and Glass",South Georgia and the South Sandwich Islands,ncamacho@boone-simmons.org
Kelli,Petty Ltd,Sao Tome and Principe,kristopher62@oliver.com
Lynn,"Brennan, Camacho and Tapia",Portugal,mpham@rios-guzman.com
Shelley,"Prince, Malone and Pugh",Togo,zachary96@mitchell-bryant.org
Eddie,Caldwell Group,Ethiopia,kristiwhitney@bernard.com
Chloe,Simon LLC,Netherlands,leah85@sutton-terrell.com
Eileen,"Knight, Abbott and Hubbard",Liberia,levigiles@vincent.com
Fernando,Church-Banks,Lithuania,fisherlinda@schaefer.net
Makayla,Henderson Inc,New Caledonia,scottcurtis@hurley.biz
Tom,Donaldson-Dougherty,Kiribati,nicholsonnina@montgomery.info
Virginia,Warren Ltd,French Southern Territories,zvalencia@phelps.com
Riley,Wade PLC,Canada,alex06@galloway.com
Alexandria,Keller-Coffey,Iran,lee48@manning.com
Richard,Conway-Mcbride,Morocco,aharper@maddox-townsend.org
Candice,Huynh and Sons,Zimbabwe,buckleycory@odonnell.net
Anita,Parrish Ltd,Russian Federation,angie04@oconnell.com
Regina,Guzman-Brown,Solomon Islands,zrosario@rojas-hardin.net
Debra,"Chang, Aguirre and Leblanc",United States Virgin Islands,shieldskerry@robles.com
Brittany,Mason-Hester,Kyrgyz Republic,mchandler@cochran-huerta.org
Cassidy,"Mcguire, Huynh and Hopkins",Myanmar,katrinalane@fitzgerald.com
Laurie,"Sanchez, Marsh and Hale",Dominica,cookejill@powell.com
Alejandro,"Combs, Waller and Durham",Iceland,elizabethbarr@ewing.com
Leslie,Blankenship-Arias,Micronesia,corey75@wiggins.com
Kathleen,"Coffey, Lamb and Johnson",Saint Vincent and the Grenadines,chloelester@higgins-wilkinson.com
Hunter,Fitzpatrick-Lawrence,Isle of Man,isaac26@benton-finley.com
Chad,Garcia-Jimenez,Oman,justinwalters@jimenez.com
Corey,"Mcdonald, Bird and Ramirez",Fiji,maurice46@morgan.com
Emma,Stephens Inc,New Zealand,walter83@juarez.org
Duane,Montoya-Miller,Maldives,kmercer@wagner.com
Alison,"Vaughn, Watts and Leach",Benin,vcantu@norton.com
Vernon,Carter-Strickland,Yemen,hilljesse@barrett.info
Lori,Decker-Mcknight,Namibia,tyrone77@valenzuela.info
Nina,Byrd-Campbell,Bhutan,elliserica@frank.com
Shane,Rocha-Hart,Hungary,nsteele@sparks.com
Collin,Lamb-Peterson,Anguilla,dudleyemily@gonzales.biz
Sherry,"Lee, Lucero and Johnson",Solomon Islands,alan79@gates-mclaughlin.com
Darrell,"Newton, Petersen and Mathis",Mali,grayjean@lowery-good.com
Karl,Carey LLC,Guyana,hhart@jensen.com
Lynn,"Ware, Burns and Oneal",Sri Lanka,vkemp@ferrell.com
Fred,Schmitt-Jones,Solomon Islands,swagner@kane.org
Yvonne,Fitzgerald-Harrell,Aruba,mccarthystephen@horn-green.biz
Clarence,"Le, Nash and Cross",Honduras,colleen91@faulkner.biz
